Command,Response
dark burdamısı bana bak beni dinle sana diyorum bana yardım et ,asistan
dark çevrimiçimisin dinliyormusun beni dinle sana diyorum bana yardım et ,asistan
dark dinliyormusun beni dinle sana diyorum bana yardım et bana lazımsın bu yüzden geldiğinde haber ver,asistan
dark beni dinle bana yardım et bana lazımsın bu yüzden geldiğinde haber ver,asistan
dark sana diyorum bana yardım et bana lazımsın bu yüzden geldiğinde haber ver,asistan
dark benimle ilgilen bana yardım et bana lazımsın bu yüzden geldiğinde haber ver,asistan
dark geldiğinde haber ver bana yardım et bana lazımsın bu yüzden geldiğinde haber ver,asistan
dark bana lazımsın bu yüzden geldiğinde haber ver bana yardım et ,asistan
dark bana lazımsın sana diyorum bana yardım et bana lazımsın,asistan
dark bana bak beni dinlyormusun Sana diyorum bana yardım et bana lazımsın,asistan
dark beni dinlyormusun? Beni dinlyormusun sana diyorum bana yardım et bana lazımsın,asistan
dark bana yardım et beni dinlyormusun sana diyorum bana yardım et bana lazımsın,asistan
dark yardımın lazım beni dinlyormusun bana yardım edersen güzel olur beni dinlyormusun,asistan
dark bana yardım edemisin beni dinlyormusun bana yardım edersen güzel olur beni dinlyormusun,asistan
dark bana yardım edersen güzel olur beni dinlyormusun bana yardım edersen güzel olur beni dinlyormusun,asistan
dark şu an yardımına ihtiyacım var bana yardım edersen güzel olur beni dinlyormusun,asistan
dark bana yardımcı ol bana yardım edersen güzel olur beni dinlyormusun,asistan
dark burdasan bana yardım edersen güzel olur beni dinlyormusun,asistan
dark burdaysan bana yardım et bana yardım edersen güzel olur beni dinlyormusun,asistan
dark bana yardım etmen super olur bana yardım edersen güzel olur beni dinlyormusun,asistan
dark senin yardımına ihtiyacım var bana yardım edersen güzel olur beni dinlyormusun,asistan
dark bana yardlm edersen super olur bana yardım edersen güzel olur beni dinlyormusun,asistan
dark çevrimiçi bana yardım edersen güzel olur beni dinlyormusun,asistan
dark beni dinliyormusun yardım etsen super olur bana yardım edersen güzel olur beni dinlyormusun,asistan
dark beni dinliyormusun bana yardım edersen güzel olur beni dinlyormusun,asistan
dark bana bakarmısın bana yardım edersen güzel olur beni dinlyormusun,asistan
dark beni dinlermisin sana ihtiyacım var yardım etmek gerek bana yardım edersen güzel olur beni dinlyormusun,asistan
bana şarkı açarmısın birşeyler dinlemek istiyorum şarkı aç müzik aç şarkı dinlemek istiyorum,muzik
şarkı açarmısın şarkı aç müzik aç şarkı dinlemek istiyorum,muzik
şarkı dinlemek istiyorum şarkı aç müzik aç şarkı dinlemek istiyorum,muzik
bana şarkı aç şarkı aç müzik aç şarkı dinlemek istiyorum,muzik
bana şarkı açman olur dinleriz şarkı aç müzik aç şarkı dinlemek istiyorum,muzik
şarkı açabilirmisin şarkı aç müzik aç şarkı dinlemek istiyorum,muzik
şarkı açsan güzel olur şarkı aç müzik aç şarkı dinlemek istiyorum,muzik
bana şarkı aç lütfen şarkı aç müzik aç şarkı dinlemek istiyorum,muzik
müzik dinlemek iyi olur şarkı aç müzik aç şarkı dinlemek istiyorum,muzik
müzik açabilirmisin şarkı aç müzik aç şarkı dinlemek istiyorum,muzik
müzik açman güzel olur şarkı aç müzik aç şarkı dinlemek istiyorum,muzik
lütfen müzik dinleyelim şarkı aç müzik aç şarkı dinlemek istiyorum,muzik
yorgunum lütfen müzik çal şarkı aç müzik aç şarkı dinlemek istiyorum,muzik
müzik çalabilirmisin şarkı aç müzik aç şarkı dinlemek istiyorum,muzik
müzik açsan iyi olur şarkı aç müzik aç şarkı dinlemek istiyorum,muzik
müzik dinlemek istiyorum şarkı aç müzik aç şarkı dinlemek istiyorum,muzik
keyfim çok iyi müzik açarmısın şarkı aç müzik aç şarkı dinlemek istiyorum,muzik
bana bir şarkı aç müzik aç şarkı dinlemek istiyorum,muzik
bana bir müzik aç şarkı aç şarkı dinlemek istiyorum,muzik
müzik aç,muzik
şarkı aç,muzik
benim için araştırımısın araştıra bilirmisin senden araştırmanı istediğim birşey var,ara
araştıra bilirmisin senden araştırmanı istediğim birşey var,ara
birisini araştıra bilirmisin araştıra bilirmisin senden araştırmanı istediğim birşey var,ara
araştırma yapa bilirmisin araştıra bilirmisin senden araştırmanı istediğim birşey var,ara
benim için araştırma yapa bilirmisin araştıra bilirmisin,ara
birini araştırmanı istiyorum araştıra bilirmisin,ara
araştırmanı istediğim biri var araştıra bilirmisin,ara
araştırman gereken biri var araştıra bilirmisin,ara
senden araştırmanı istediğim biri var araştıra bilirmisin,ara
senden araştırmanı istediğim birşey var,ara
senden bir şey aramanı isteyeceğim,ara
birşeyi araştırırmısın benim için ,ara
benim için birşey araştırmanı isteyeceğim,ara
benim için araştırırsan sevinirim,ara
benim için bir kaç şey araştırmanı isteyeceğim,ara
benim için bazı şeyleri araştırmanı isteyeceğim,ara
benim için birşey aramanı isteyeceğim,ara
benimiçin ararmısın,ara
aramanı istediğim birşey var,ara
aramanı istediğim bazı şeyler var,ara
benim için bir kaç şey ararmısın ,ara
kim olduğunu oğrenmek istiyorum,ara
ne olduğunu oğrenmek istiyorum,ara
kimdir sence ,ara
bazı şeyleri arman iyi olur sence bu gün nasıl giyinmeliyim,ara
hava durumu nedir hava nasıl sence bu gün nasıl giyinmeliyim,hava
hava hakkında bilgi verirmisin hava nasıl sence bu gün nasıl giyinmeliyim,hava
hava durumu nedir hava nasıl sence bu gün nasıl giyinmeliyim,hava
hava sıcakmı hava nasıl sence bu gün nasıl giyinmeliyim,hava
sence bu gün nasıl giyinmeliyim,hava
hava sıcaklık durumu ne sence bu gün nasıl giyinmeliyim,hava
hava’nın durumu nasıl baka bilirmisin sence bu gün nasıl giyinmeliyim,hava
hava durumu hakkında bilgi verirmisin sence bu gün nasıl giyinmeliyim,hava
hava soğuk galiba,hava
sence bu gun nasıl giyinmeliyim,hava
bu gün ne tür bir giysi giyinmeliyim,hava
hava çokmu soğuk,hava
hava ne kadar soğuk ,hava
şu an hava kaç derece,hava
hava nasıl bir bilgin varmı,hava
hava nasıl,hava
hava durumu tahminleri nedir,hava
bu gün için hava durumu ne,hava
